"elections";"candidate";"list_name";"list_pos";"pref_votes";"elected";"nom_party";"pol_affil";"mayor";"dep_mayor";"board";"gov_support";"elig_voters";"ballots_cast"
"1994";"Kabil Petr";"ZS";1;122;1;"ZS";"ZS";NA;NA;NA;NA;231;168
"1994";"Šimáček Miloslav";"ZS";1;137;1;"ZS";"ZS";NA;NA;NA;NA;NA;NA
"1994";"Havlíková Marie";"ZS";1;112;1;"NK";"BEZPP";NA;NA;NA;NA;NA;NA
"1994";"Buga Milan (1)";"ZS";1;95;1;"NK";"BEZPP";NA;NA;NA;NA;NA;NA
"1994";"Svobodová Hana";"ZS";1;140;1;"ZS";"ZS";NA;NA;NA;NA;NA;NA
"1994";"Balko Jana";"ZS";1;118;1;"NK";"BEZPP";NA;NA;NA;NA;NA;NA
"1994";"Lörincz Móric";"ZS";1;99;0;"NK";"BEZPP";NA;NA;NA;NA;NA;NA
"1994";"Petrovský Jiří";"SPR-RSČ, SDČR";1;18;0;"SPR-RSČ";"SPR-RSČ";NA;NA;NA;NA;NA;NA
"1994";"Míková Helena";"SPR-RSČ, SDČR";1;3;0;"SPR-RSČ";"SPR-RSČ";NA;NA;NA;NA;NA;NA
"1994";"Pál Ladislav";"SPR-RSČ, SDČR";1;9;0;"SDČR";"BEZPP";NA;NA;NA;NA;NA;NA
"1994";"Moudrý Jindřich";"SPR-RSČ, SDČR";1;41;0;"SDČR";"BEZPP";NA;NA;NA;NA;NA;NA
"1994";"Míka Josef";"SPR-RSČ, SDČR";1;6;0;"SDČR";"BEZPP";NA;NA;NA;NA;NA;NA
"1994";"Balko Karel (1)";"SPR-RSČ, SDČR";1;53;1;"SDČR";"BEZPP";NA;NA;NA;NA;NA;NA
"1994";"Balko Milan";"SPR-RSČ, SDČR";1;52;0;"SDČR";"BEZPP";NA;NA;NA;NA;NA;NA
"1994";"Tomaško Juraj";"Juraj Tomaško, NK";1;46;0;"NK";"BEZPP";NA;NA;NA;NA;NA;NA
"1994";"Janoušková Eva";"Eva Janoušková, NK";1;19;0;"NK";"BEZPP";NA;NA;NA;NA;NA;NA
"1994";"Prokop Jaroslav";"Jaroslav Prokop, NK";1;20;0;"NK";"BEZPP";NA;NA;NA;NA;NA;NA
"1998";"Svobodová Hana";"SNK";1;77;1;"NK";"BEZPP";NA;NA;NA;NA;227;119
"1998";"Dušek Stanislav";"SNK";2;78;1;"NK";"KSČM";NA;NA;NA;NA;NA;NA
"1998";"Havlíková Marie";"SNK";3;64;1;"NK";"BEZPP";NA;NA;NA;NA;NA;NA
"1998";"Balko Karel (1)";"SNK";4;77;1;"NK";"BEZPP";NA;NA;NA;NA;NA;NA
"1998";"Kabil Rostislav";"SNK";5;37;1;"NK";"BEZPP";NA;NA;NA;NA;NA;NA
"1998";"Janoušková Eva";"SNK";6;54;1;"NK";"BEZPP";NA;NA;NA;NA;NA;NA
"1998";"Balko Jana";"SNK";7;63;1;"NK";"BEZPP";NA;NA;NA;NA;NA;NA
"1998";"Mládková Pavlína";"Pavlína Mládková, NK";1;34;0;"NK";"BEZPP";NA;NA;NA;NA;NA;NA
"2002";"Dušek Stanislav";"KSČM";1;97;1;"KSČM";"KSČM";0;1;0;1;237;141
"2002";"Balko Karel (1)";"KSČM";2;96;1;"KSČM";"BEZPP";0;0;0;1;NA;NA
"2002";"Blažejová Marta";"KSČM";3;78;1;"KSČM";"BEZPP";0;0;0;1;NA;NA
"2002";"Balko Jana";"KSČM";4;70;1;"KSČM";"BEZPP";1;0;0;1;NA;NA
"2002";"Kosobudová Dagmar";"KSČM";5;62;0;"KSČM";"BEZPP";0;0;0;0;NA;NA
"2002";"Jandová Lenka";"KSČM";6;45;0;"KSČM";"BEZPP";0;0;0;0;NA;NA
"2002";"Svobodová Hana";"Za obec krásnější";1;97;1;"NK";"BEZPP";0;0;0;0;NA;NA
"2002";"Janoušková Eva";"Za obec krásnější";2;61;1;"NK";"BEZPP";0;0;0;0;NA;NA
"2002";"Tóthová Ivana";"Za obec krásnější";3;51;1;"NK";"BEZPP";0;0;0;0;NA;NA
"2002";"Vrba Miloslav";"Za obec krásnější";4;52;0;"NK";"BEZPP";0;0;0;0;NA;NA
"2002";"Kolb Karel";"Za obec krásnější";5;48;0;"NK";"BEZPP";0;0;0;0;NA;NA
"2002";"Wagneter Václav";"Za obec krásnější";6;52;0;"NK";"BEZPP";0;0;0;0;NA;NA
"2002";"Krejča Petr";"Za obec krásnější";7;43;0;"NK";"BEZPP";0;0;0;0;NA;NA
"2002";"Kolbová Zdeňka";"SNK II.";1;18;0;"NK";"BEZPP";0;0;0;0;NA;NA
"2002";"Koucká Eva";"SNK II.";2;20;0;"NK";"BEZPP";0;0;0;0;NA;NA
"2002";"Havlíková Kateřina";"SNK II.";3;34;0;"NK";"BEZPP";0;0;0;0;NA;NA
"2002";"Míka Josef";"Josef Míka, NK";1;14;0;"NK";"BEZPP";0;0;0;0;NA;NA
"2006";"Balko Jana";"Pro Nebanice";1;84;1;"NK";"BEZPP";1;0;0;1;242;97
"2006";"Balko Karel (1)";"Pro Nebanice";2;73;1;"NK";"BEZPP";0;0;0;1;NA;NA
"2006";"Janoušková Eva";"Pro Nebanice";3;64;1;"NK";"BEZPP";0;0;0;1;NA;NA
"2006";"Lörincz Móric";"Pro Nebanice";4;63;1;"NK";"BEZPP";0;0;0;1;NA;NA
"2006";"Havlíková Kateřina";"Pro Nebanice";5;64;1;"NK";"BEZPP";0;1;0;1;NA;NA
"2006";"Bezděk Michal";"Pro Nebanice";6;58;1;"NK";"BEZPP";0;0;0;1;NA;NA
"2006";"Koucká Eva";"Pro Nebanice";7;49;1;"NK";"BEZPP";0;0;0;1;NA;NA
"2006";"Pagáč Jaroslav";"Pro Nebanice";8;56;0;"NK";"BEZPP";0;0;0;0;NA;NA
"2010";"Bukovická Alena";"Alena Bukovická, NK";1;93;0;"NK";"BEZPP";0;0;0;0;265;150
"2010";"Vlach Jan";"Jan Vlach, NK";1;13;0;"NK";"BEZPP";0;0;0;0;NA;NA
"2010";"Vlachová Jitka";"Jitka Vlachová, NK";1;38;0;"NK";"BEZPP";0;0;0;0;NA;NA
"2010";"Buga Milan (2)";"Milan Buga, NK";1;32;0;"NK";"BEZPP";0;0;0;0;NA;NA
"2010";"Šimáček Miloslav";"Miloslav Šimáček, NK";1;69;0;"NK";"BEZPP";0;0;0;0;NA;NA
"2010";"Raclavský Radek";"SNK";1;60;1;"NK";"BEZPP";1;0;0;1;NA;NA
"2010";"Koubek Jaroslav";"SNK";2;85;1;"NK";"BEZPP";0;0;0;1;NA;NA
"2010";"Pagáčová Jitka";"SNK";3;88;1;"NK";"BEZPP";0;1;0;1;NA;NA
"2010";"Meiser Milan (1)";"SNK";4;75;1;"NK";"BEZPP";0;0;0;1;NA;NA
"2010";"Křivánek Václav";"SNK";5;78;1;"NK";"BEZPP";0;0;0;1;NA;NA
"2010";"Balko Karel (2)";"SNK";6;75;1;"NK";"BEZPP";0;0;0;1;NA;NA
"2010";"Kosobudová Růžena";"SNK";7;94;1;"NK";"BEZPP";0;0;0;1;NA;NA
"2010";"Kuchta Petr";"SNK";8;45;0;"NK";"BEZPP";0;0;0;0;NA;NA
"2010";"Bernard Zbyněk";"SNK";9;61;0;"NK";"BEZPP";0;0;0;0;NA;NA
"2014";"Pagáčová Jitka";"SNK Nebanice";1;100;1;"NK";"BEZPP";1;0;0;1;279;128
"2014";"Kopřiva Václav";"SNK Nebanice";2;110;1;"NK";"BEZPP";0;0;0;1;NA;NA
"2014";"Křivánek Václav";"SNK Nebanice";3;101;1;"NK";"BEZPP";0;0;0;1;NA;NA
"2014";"Kosobudová Růžena";"SNK Nebanice";4;104;1;"NK";"BEZPP";0;1;0;1;NA;NA
"2014";"Bernard Zbyněk";"SNK Nebanice";5;105;1;"NK";"BEZPP";0;0;0;1;NA;NA
"2014";"Koubek Jaroslav";"SNK Nebanice";6;102;1;"NK";"BEZPP";0;0;0;1;NA;NA
"2014";"Novotný Matěj";"SNK Nebanice";7;84;1;"NK";"BEZPP";0;0;0;1;NA;NA
"2014";"Dušek Jan";"SNK Nebanice";8;44;0;"NK";"BEZPP";0;0;0;0;NA;NA
"2014";"Meiser Milan (1)";"SNK Nebanice";9;41;0;"NK";"BEZPP";0;0;0;0;NA;NA
"2018";"Fikart Vojtěch";"Nezávislí";1;65;0;"NK";"BEZPP";0;0;0;0;281;201
"2018";"Meiser Milan (2)";"Nezávislí";2;67;0;"NK";"BEZPP";0;0;0;0;NA;NA
"2018";"Křivánek Václav";"Nezávislí";3;74;0;"NK";"BEZPP";0;0;0;0;NA;NA
"2018";"Koubek Jaroslav";"Nezávislí";4;90;1;"NK";"BEZPP";0;0;0;0;NA;NA
"2018";"Bezděk Michal";"Nezávislí";5;72;0;"NK";"BEZPP";0;0;0;0;NA;NA
"2018";"Ederová Ivana";"Nezávislí";6;93;1;"NK";"BEZPP";0;0;0;0;NA;NA
"2018";"Skokan Zdeněk";"Nezávislí";7;77;1;"NK";"BEZPP";0;0;0;0;NA;NA
"2018";"Čermák Jiří";"Nezávislí";8;17;0;"NK";"BEZPP";0;0;0;0;NA;NA
"2018";"Audy Daniel";"Nezávislí";9;16;0;"NK";"BEZPP";0;0;0;0;NA;NA
"2018";"Pagáčová Jitka";"SNK Nebanice";1;109;1;"NK";"BEZPP";1;0;0;1;NA;NA
"2018";"Kosobudová Růžena";"SNK Nebanice";2;100;1;"NK";"BEZPP";0;0;0;1;NA;NA
"2018";"Dušek Jan";"SNK Nebanice";3;114;1;"NK";"BEZPP";0;1;0;1;NA;NA
"2018";"Kutil Josef";"SNK Nebanice";4;91;0;"NK";"BEZPP";0;0;0;0;NA;NA
"2018";"Vávrová Zdeňka";"SNK Nebanice";5;100;1;"NK";"BEZPP";0;0;0;1;NA;NA
"2018";"Bouda Miroslav";"SNK Nebanice";6;94;0;"NK";"BEZPP";0;0;0;0;NA;NA
"2018";"Hrušková Petra";"SNK Nebanice";7;82;0;"NK";"BEZPP";0;0;0;0;NA;NA
"2018";"Bernard Zbyněk";"SNK Nebanice";8;30;0;"NK";"BEZPP";0;0;0;0;NA;NA
"2018";"Vavřínová Martina";"SNK Nebanice";9;42;0;"NK";"BEZPP";0;0;0;0;NA;NA
"2019";"Kopřiva Jakub";"Lepší Nebanice";1;45;0;"NK";"BEZPP";0;0;0;0;278;194
"2019";"Štěřík Filip";"Lepší Nebanice";2;47;1;"NK";"BEZPP";0;0;0;0;NA;NA
"2019";"Valenta Jan";"Lepší Nebanice";3;45;0;"NK";"BEZPP";0;0;0;0;NA;NA
"2019";"Kopřiva Václav";"Lepší Nebanice";4;45;0;"NK";"BEZPP";0;0;0;0;NA;NA
"2019";"Tomašková Vlasta";"Lepší Nebanice";5;38;0;"NK";"BEZPP";0;0;0;0;NA;NA
"2019";"Buga Milan (2)";"Lepší Nebanice";6;37;0;"NK";"BEZPP";0;0;0;0;NA;NA
"2019";"Bezděk Jakub";"Lepší Nebanice";7;35;0;"NK";"BEZPP";0;0;0;0;NA;NA
"2019";"Bartoš Ladislav";"Lepší Nebanice";8;3;0;"NK";"BEZPP";0;0;0;0;NA;NA
"2019";"Kočová Pavlína";"Lepší Nebanice";9;6;0;"NK";"BEZPP";0;0;0;0;NA;NA
"2019";"Kutil Josef";"Nezávislí";1;60;1;"NK";"BEZPP";0;0;0;0;NA;NA
"2019";"Skokan Zdeněk";"Nezávislí";2;56;0;"NK";"BEZPP";0;0;0;0;NA;NA
"2019";"Ederová Ivana";"Nezávislí";3;63;1;"NK";"BEZPP";0;0;0;0;NA;NA
"2019";"Meiser Milan (2)";"Nezávislí";4;51;0;"NK";"BEZPP";0;0;0;0;NA;NA
"2019";"Fikart Vojtěch";"Nezávislí";5;45;0;"NK";"BEZPP";0;0;0;0;NA;NA
"2019";"Vlach Jan";"Nezávislí";6;43;0;"NK";"BEZPP";0;0;0;0;NA;NA
"2019";"Křivánek Václav";"Nezávislí";7;48;0;"NK";"BEZPP";0;0;0;0;NA;NA
"2019";"Hrušková Anežka";"Nezávislí";8;8;0;"NK";"BEZPP";0;0;0;0;NA;NA
"2019";"Jelínek František";"Nezávislí";9;23;0;"NK";"BEZPP";0;0;0;0;NA;NA
"2019";"Pagáčová Jitka";"SNK Nebanice";1;90;1;"NK";"BEZPP";1;0;0;1;NA;NA
"2019";"Dušek Jan";"SNK Nebanice";2;94;1;"NK";"BEZPP";0;1;0;1;NA;NA
"2019";"Kosobudová Růžena";"SNK Nebanice";3;85;0;"NK";"BEZPP";0;0;0;0;NA;NA
"2019";"Vávrová Zdeňka";"SNK Nebanice";4;84;0;"NK";"BEZPP";0;0;0;0;NA;NA
"2019";"Volková Dana";"SNK Nebanice";5;87;1;"NK";"BEZPP";0;0;0;1;NA;NA
"2019";"Bouda Miroslav";"SNK Nebanice";6;88;1;"NK";"BEZPP";0;0;0;1;NA;NA
"2019";"Hrušková Petra";"SNK Nebanice";7;75;0;"NK";"BEZPP";0;0;0;0;NA;NA
"2019";"Bernard Zbyněk";"SNK Nebanice";8;13;0;"NK";"BEZPP";0;0;0;0;NA;NA
"2019";"Vavřínová Martina";"SNK Nebanice";9;11;0;"NK";"BEZPP";0;0;0;0;NA;NA
"2022";"Pagáčová Jitka";"SNK Nebanice";1;102;1;"NK";"BEZPP";1;0;0;1;284;185
"2022";"Dušek Jan";"SNK Nebanice";2;108;1;"NK";"BEZPP";0;1;0;1;NA;NA
"2022";"Volková Dana";"SNK Nebanice";3;98;1;"NK";"BEZPP";0;0;0;1;NA;NA
"2022";"Turnerová Nikola";"SNK Nebanice";4;90;0;"NK";"BEZPP";0;0;0;0;NA;NA
"2022";"Semrád Michal";"SNK Nebanice";5;90;0;"NK";"BEZPP";0;0;0;0;NA;NA
"2022";"Valíček Tomáš";"SNK Nebanice";6;92;1;"NK";"BEZPP";0;0;0;1;NA;NA
"2022";"Speierlová Jarmila";"SNK Nebanice";7;84;0;"NK";"BEZPP";0;0;0;0;NA;NA
"2022";"Kosobudová Růžena";"SNK Nebanice";8;16;0;"NK";"BEZPP";0;0;0;0;NA;NA
"2022";"Bernard Zbyněk";"SNK Nebanice";9;16;0;"NK";"BEZPP";0;0;0;0;NA;NA
"2022";"Meiser Milan (2)";"Spolu pro Nebanice";1;82;1;"NK";"BEZPP";0;0;0;0;NA;NA
"2022";"Bouda Miroslav";"Spolu pro Nebanice";2;84;1;"NK";"BEZPP";0;0;0;0;NA;NA
"2022";"Štěřík Filip";"Spolu pro Nebanice";3;57;0;"NK";"BEZPP";0;0;0;0;NA;NA
"2022";"Kužel Adam";"Spolu pro Nebanice";4;76;1;"NK";"BEZPP";0;0;0;0;NA;NA
"2022";"Kolb Karel";"Spolu pro Nebanice";5;66;0;"NK";"BEZPP";0;0;0;0;NA;NA
"2022";"Šmat Ondřej";"Spolu pro Nebanice";6;76;0;"NK";"BEZPP";0;0;0;0;NA;NA
"2022";"Kopřiva Jakub";"Spolu pro Nebanice";7;68;0;"NK";"BEZPP";0;0;0;0;NA;NA
"2022";"Miženko Jitka";"Spolu pro Nebanice";8;11;0;"NK";"BEZPP";0;0;0;0;NA;NA
"2022";"Křehlík Martin";"Spolu pro Nebanice";9;13;0;"NK";"BEZPP";0;0;0;0;NA;NA
